Consignee Name,Consignee Address,Consignee Mobile,Consignee Email,Destination City,Pieces,Weight,COD Amount,Customer Reference Number,Special Handling,Service Type,Product Details,Remarks,Insurance/Declared Value
Amjad Jan Khoso,(self collection) tcs near by national bank  haibad road  kandkot zila  tehsil Jacobabad,3033545065,ali123@gmail com,Jacobabad,1,1,1999,a1,YES,OVERNIGHT,WATCH,CALL BEFORE DELIVERY,NO
Shehzad Malik,House near by bilal purtil wala chawk  shujabad road  Jalal pur pir wala tehsil  zila multan,3067581680,ali123@gmail com,Multan,1,1,1999,a1,YES,OVERNIGHT,WATCH,CALL BEFORE DELIVERY,NO
Dawood Ahmed Baloch,(self collection) tcs office in chitkan Bazaar Panjgur  chithan road  tehsil nd zila panjgur Balochistan,3366556635,ali123@gmail com,Panjgur,1,1,3699,a1,YES,OVERNIGHT,WATCH,CALL BEFORE DELIVERY,NO
Imran Ali,deliver place HBL BANK KASHMORE BRANCH 0438  shahi main bazar road  zila kashmore  tehsil kandhkot,3002578548,ali123@gmail com,kandhkot,1,1,1999,a1,YES,OVERNIGHT,WATCH,CALL BEFORE DELIVERY,NO
Abbas Baloch,kareem dad kiryana store  quetta road  area lashari  city jacobabad  zila sindh,3147744712,ali123@gmail com,jacobabad,1,1,999,a1,YES,OVERNIGHT,WATCH,CALL BEFORE DELIVERY,NO
Gul Jakhrani,deliver in mukhtiarkar office  guddu wala road  deramor mohalla  tehsil nd zila kashmore,3053175792,ali123@gmail com,Kashmore,1,1,1499,a1,YES,OVERNIGHT,WATCH,CALL BEFORE DELIVERY,NO
sayeed mehraban Shah,Al saeed hotel  Near Al shareef markeet  & total pump & railway station  bohr Wala chock  iqbal road  haji camp mohalla  lahore,3455372205,ali123@gmail com,Lahore,1,1,1499,a1,YES,OVERNIGHT,WATCH,CALL BEFORE DELIVERY,NO
Faisalhayat Faisalhayat,(self collection) tcs office in mohammad khan bazar matta  front of biha adda  matta road  tehsil matta  zila swat,3415201522,ali123@gmail com,Matta,1,1,1499,a1,YES,OVERNIGHT,WATCH,CALL BEFORE DELIVERY,NO
SarbarAligujjar Aligujjar,(self collection) tcs office near by kamalia lari adda  thana mor road  tehsil kamalia  zila tobapasing,3090871345,ali123@gmail com,Kamalia,1,1,1499,a1,YES,OVERNIGHT,WATCH,CALL BEFORE DELIVERY,NO
anwarulhaq,deliver in tayyaba steel  near by nafees floor mill and habib metro bank  sector i9/3  city islamabad  zila sawabi,3439649738,ali123@gmail com,Islamabad,1,1,1499,a1,YES,OVERNIGHT,WATCH,CALL BEFORE DELIVERY,NO
Ghulam Nabi,house near by eid gah  nawab shah sanghar road  tehsil shezad pur  zila sanghar,3114350733,ali123@gmail com,shah pur chakar,1,1,1499,a1,YES,OVERNIGHT,WATCH,CALL BEFORE DELIVERY,NO
Suhaib Urrahman,house near by post office  zorab mohaalla  marhai wala road  tehsil jhangira  zila NOWSHERA,3038736032,ali123@gmail com,Jehangira,1,1,1499,a1,YES,OVERNIGHT,WATCH,CALL BEFORE DELIVERY,NO
Khalidkhan,House Near Akani gerneal store  sultan colony  tehsil coat addu zila muzaffar garh,3036456317,ali123@gmail com,Kot Addu,1,1,1499,a1,YES,OVERNIGHT,WATCH,CALL BEFORE DELIVERY,NO
ghulam murtaza,house near by kareem daad milk shop & madina rice mills  lashari mohalla  Quetta road  zila kankot tehsil jacobabad,3337312871,ali123@gmail com,Jacobabad,1,1,2999,a1,YES,OVERNIGHT,WATCH,CALL BEFORE DELIVERY,NO
Abdul Rahim,deliver place shabir kiryana store  Village watio  national highway road  hinjorja tehsil  khairpur pur zila,3062565090,ali123@gmail com,Hingorja,1,1,1200,a1,YES,OVERNIGHT,WATCH,CALL BEFORE DELIVERY,NO
MUHAMMAD SALEH,House NO 3  Near Pakistan Railway post office  Block 13  station road kotri  city heydrabad,3123328539,ali123@gmail com,Hyderabad,1,1,1200,a1,YES,OVERNIGHT,WATCH,CALL BEFORE DELIVERY,NO
Dilshad Ali (police wala),deliver in new tofeq pentrol serves  village haji mureed khan khaskheli  Samaro town  zila umarkot  tehsil samaro purano,3444539546,ali123@gmail com,SAMARO CITY,1,1,1200,a1,YES,OVERNIGHT,WATCH,CALL BEFORE DELIVERY,NO
Shaman Ali Kalper,House Near motor way office & al falah bank  baji chawk road  tehsil pano akil  zila baji chawk,3333624443,ali123@gmail com,PANO AQIL,1,1,1200,a1,YES,OVERNIGHT,WATCH,CALL BEFORE DELIVERY,NO
Malik Inayat,deliver place Malik inayat estate office  near kuchlak Tcs office  chaman road  quetta zila  tehsil kuchlak,3100040323,ali123@gmail com,quetta,1,1,1200,a1,YES,OVERNIGHT,WATCH,CALL BEFORE DELIVERY,NO
??????? ????? ?????,(self collection) tcs office near bat baba academy school  tajori road tehsil and zila laki marwat,3451505008,ali123@gmail com,Peshawar,1,1,1199,a1,YES,OVERNIGHT,WATCH,CALL BEFORE DELIVERY,NO
Bakht Alam,deliver place chenaar hotel  chakat road  area band kaly tehsil alpura zila shangla,3445222933,ali123@gmail com,Ali Pur,1,1,1199,a1,YES,OVERNIGHT,WATCH,CALL BEFORE DELIVERY,NO
Saif Rind,Rind property office  near qostal guard camp  mair airport road  zila n tehsil Gawadar balochistan pakistan,3213361787,ali123@gmail com,Gawadar,1,1,3699,a1,YES,OVERNIGHT,WATCH,CALL BEFORE DELIVERY,NO
